{"timestamps": [1520781357.917777, 1520781360.090491, 1520781360.173571, 1520781360.204048, 1520781360.232595, 1520781360.260108, 1520781360.288365, 1520781360.316583, 1520781362.418776, 1520781362.503463, 1520781362.530821, 1520781362.559481, 1520781362.587699, 1520781362.615085, 1520781362.64257, 1520781362.671782, 1520781362.69972, 1520781362.727107, 1520781362.755641, 1520781362.783497, 1520781362.811038, 1520781362.839996, 1520781362.868307, 1520781362.894887, 1520781362.923555, 1520781362.952838, 1520781362.980178, 1520781365.201121, 1520781365.263891, 1520781365.290854, 1520781365.317562, 1520781365.343476, 1520781365.371715, 1520781365.399261, 1520781365.425161, 1520781365.45056, 1520781365.475324, 1520781365.503825, 1520781365.529179, 1520781365.55558, 1520781365.580481, 1520781365.604875, 1520781365.630718, 1520781365.657526, 1520781365.68656, 1520781365.715796, 1520781365.742719, 1520781365.770589, 1520781365.795149, 1520781365.822072, 1520781365.849622, 1520781365.878799, 1520781365.907585, 1520781365.935057, 1520781365.962519, 1520781365.99086, 1520781366.019545, 1520781366.046884, 1520781366.075086, 1520781366.103008, 1520781366.13246, 1520781366.159906, 1520781366.188336, 1520781366.216305, 1520781368.595941, 1520781368.693234, 1520781368.725576, 1520781368.754833, 1520781368.782093, 1520781368.810696, 1520781368.83907, 1520781368.869844, 1520781368.90418, 1520781368.941184, 1520781368.976677, 1520781369.015006, 1520781369.040487, 1520781369.069392, 1520781369.098106, 1520781369.126754, 1520781369.155496, 1520781369.183701, 1520781369.212574, 1520781369.242192, 1520781369.27156, 1520781369.302743, 1520781369.332354, 1520781369.361378, 1520781369.389974, 1520781369.419567, 1520781369.452595, 1520781369.474316, 1520781369.502606, 1520781369.531288, 1520781369.558097, 1520781369.586315, 1520781369.620697, 1520781369.647488, 1520781369.675642, 1520781369.704212], "initial_reset_timestamp": 1520781355.320116, "episode_types": ["t", "t", "t", "t", "t", "t", "t", "t", "t", "t", "t", "t", "t", "t", "t", "t", "t", "t", "t", "t", "t", "t", "t", "t", "t", "t", "t", "t", "t", "t", "t", "t", "t", "t", "t", "t", "t", "t", "t", "t", "t", "t", "t", "t", "t", "t", "t", "t", "t", "t", "t", "t", "t", "t", "t", "t", "t", "t", "t", "t", "t", "t", "t", "t", "t", "t", "t", "t", "t", "t", "t", "t", "t", "t", "t", "t", "t", "t", "t", "t", "t", "t", "t", "t", "t", "t", "t", "t", "t", "t", "t", "t", "t", "t", "t", "t", "t", "t", "t", "t"], "episode_lengths": [200, 200, 200, 200, 200, 200, 200, 200, 200, 200, 200, 200, 200, 200, 200, 200, 200, 179, 200, 200, 200, 200, 200, 200, 200, 200, 200, 200, 75, 200, 200, 200, 200, 200, 189, 200, 200, 200, 200, 200, 200, 200, 200, 199, 200, 200, 200, 200, 182, 192, 200, 200, 200, 200, 200, 200, 200, 200, 200, 200, 200, 200, 200, 200, 200, 200, 200, 200, 200, 200, 200, 200, 200, 200, 200, 200, 164, 200, 200, 200, 200, 200, 184, 200, 200, 200, 200, 200, 200, 200, 200, 150, 200, 200, 176, 200, 200, 200, 200, 200], "episode_rewards": [200.0, 200.0, 200.0, 200.0, 200.0, 200.0, 200.0, 200.0, 200.0, 200.0, 200.0, 200.0, 200.0, 200.0, 200.0, 200.0, 200.0, 179.0, 200.0, 200.0, 200.0, 200.0, 200.0, 200.0, 200.0, 200.0, 200.0, 200.0, 75.0, 200.0, 200.0, 200.0, 200.0, 200.0, 189.0, 200.0, 200.0, 200.0, 200.0, 200.0, 200.0, 200.0, 200.0, 199.0, 200.0, 200.0, 200.0, 200.0, 182.0, 192.0, 200.0, 200.0, 200.0, 200.0, 200.0, 200.0, 200.0, 200.0, 200.0, 200.0, 200.0, 200.0, 200.0, 200.0, 200.0, 200.0, 200.0, 200.0, 200.0, 200.0, 200.0, 200.0, 200.0, 200.0, 200.0, 200.0, 164.0, 200.0, 200.0, 200.0, 200.0, 200.0, 184.0, 200.0, 200.0, 200.0, 200.0, 200.0, 200.0, 200.0, 200.0, 150.0, 200.0, 200.0, 176.0, 200.0, 200.0, 200.0, 200.0, 200.0]}